{
  "path": "data/charades/clips_480p/FV684_c154_t0.00_32.92.mp4",
  "fps": 29.97002997002997,
  "frame_count": 987,
  "width": 270,
  "height": 480,
  "duration_seconds": 32.932900000000004
}