{
  "path": "data/charades/videos_480p/OINMN.mp4",
  "fps": 29.97002997002997,
  "frame_count": 1357,
  "width": 480,
  "height": 270,
  "duration_seconds": 45.27856666666667
}