{
  "path": "data/charades/clips_480p/HG8G1_c065_t0.00_36.83.mp4",
  "fps": 29.97002997002997,
  "frame_count": 1105,
  "width": 480,
  "height": 270,
  "duration_seconds": 36.87016666666667
}