{
  "path": "data/charades/clips_480p/7JTEK_c156_t0.00_35.29.mp4",
  "fps": 29.97002997002997,
  "frame_count": 1059,
  "width": 480,
  "height": 270,
  "duration_seconds": 35.335300000000004
}