{
  "path": "data/charades/clips_480p/K8AUX_c110_t0.00_29.54.mp4",
  "fps": 30.020013342228154,
  "frame_count": 888,
  "width": 480,
  "height": 270,
  "duration_seconds": 29.580266666666663
}