{
  "path": "data/charades/clips_480p/BPZE3_c147_t0.00_35.12.mp4",
  "fps": 29.97002997002997,
  "frame_count": 1054,
  "width": 480,
  "height": 270,
  "duration_seconds": 35.16846666666667
}