{
  "path": "data/charades/clips_480p/EHTB6_c016_t0.00_41.00.mp4",
  "fps": 29.97002997002997,
  "frame_count": 1230,
  "width": 360,
  "height": 480,
  "duration_seconds": 41.041000000000004
}