{
  "path": "data/charades/clips_480p/7WIKW_c151_t17.10_42.10.mp4",
  "fps": 29.97002997002997,
  "frame_count": 764,
  "width": 360,
  "height": 480,
  "duration_seconds": 25.492133333333335
}