{
  "path": "data/charades/clips_480p/B5UXP_c156_t0.00_53.00.mp4",
  "fps": 29.97002997002997,
  "frame_count": 1589,
  "width": 480,
  "height": 270,
  "duration_seconds": 53.01963333333333
}