{
  "path": "data/charades/clips_480p/3HUXR_c132_t0.00_41.62.mp4",
  "fps": 29.97002997002997,
  "frame_count": 1249,
  "width": 480,
  "height": 270,
  "duration_seconds": 41.67496666666667
}