{
  "path": "data/charades/clips_480p/P0DXX_c151_t6.20_33.40.mp4",
  "fps": 29.97002997002997,
  "frame_count": 1003,
  "width": 480,
  "height": 270,
  "duration_seconds": 33.466766666666665
}