{
  "path": "data/charades/clips_480p/024PD_c015_t0.00_59.04.mp4",
  "fps": 29.97002997002997,
  "frame_count": 1770,
  "width": 480,
  "height": 270,
  "duration_seconds": 59.059000000000005
}