{
  "path": "data/charades/clips_480p/OINMN_c019_t0.00_45.25.mp4",
  "fps": 29.97002997002997,
  "frame_count": 1357,
  "width": 480,
  "height": 270,
  "duration_seconds": 45.27856666666667
}